codon,aa,pos1,pos2,pos3,hydropathy,function,location
TTT,Phe,T,T,T,2.8,hold,interior
TTC,Phe,T,T,C,2.8,hold,interior
TTA,Leu,T,T,A,3.8,hold,interior
TTG,Leu,T,T,G,3.8,hold,interior
TCT,Ser,T,C,T,-0.8,cross,surface
TCC,Ser,T,C,C,-0.8,cross,surface
TCA,Ser,T,C,A,-0.8,cross,surface
TCG,Ser,T,C,G,-0.8,cross,surface
TAT,Tyr,T,A,T,-1.3,cross,surface
TAC,Tyr,T,A,C,-1.3,cross,surface
TAA,Stop,T,A,A,,stop,stop
TAG,Stop,T,A,G,,stop,stop
TGT,Cys,T,G,T,2.5,hold,interior
TGC,Cys,T,G,C,2.5,hold,interior
TGA,Stop,T,G,A,,stop,stop
TGG,Trp,T,G,G,-0.9,hold,interior
CTT,Leu,C,T,T,3.8,hold,interior
CTC,Leu,C,T,C,3.8,hold,interior
CTA,Leu,C,T,A,3.8,hold,interior
CTG,Leu,C,T,G,3.8,hold,interior
CCT,Pro,C,C,T,-1.6,neutral,turns
CCC,Pro,C,C,C,-1.6,neutral,turns
CCA,Pro,C,C,A,-1.6,neutral,turns
CCG,Pro,C,C,G,-1.6,neutral,turns
CAT,His,C,A,T,-3.2,cross,surface
CAC,His,C,A,C,-3.2,cross,surface
CAA,Gln,C,A,A,-3.5,cross,surface
CAG,Gln,C,A,G,-3.5,cross,surface
CGT,Arg,C,G,T,-4.5,cross,surface
CGC,Arg,C,G,C,-4.5,cross,surface
CGA,Arg,C,G,A,-4.5,cross,surface
CGG,Arg,C,G,G,-4.5,cross,surface
ATT,Ile,A,T,T,4.5,hold,interior
ATC,Ile,A,T,C,4.5,hold,interior
ATA,Ile,A,T,A,4.5,hold,interior
ATG,Met,A,T,G,1.9,hold,interior
ACT,Thr,A,C,T,-0.7,cross,surface
ACC,Thr,A,C,C,-0.7,cross,surface
ACA,Thr,A,C,A,-0.7,cross,surface
ACG,Thr,A,C,G,-0.7,cross,surface
AAT,Asn,A,A,T,-3.5,cross,surface
AAC,Asn,A,A,C,-3.5,cross,surface
AAA,Lys,A,A,A,-3.9,cross,surface
AAG,Lys,A,A,G,-3.9,cross,surface
AGT,Ser,A,G,T,-0.8,cross,surface
AGC,Ser,A,G,C,-0.8,cross,surface
AGA,Arg,A,G,A,-4.5,cross,surface
AGG,Arg,A,G,G,-4.5,cross,surface
GTT,Val,G,T,T,4.2,hold,interior
GTC,Val,G,T,C,4.2,hold,interior
GTA,Val,G,T,A,4.2,hold,interior
GTG,Val,G,T,G,4.2,hold,interior
GCT,Ala,G,C,T,1.8,hold,interior
GCC,Ala,G,C,C,1.8,hold,interior
GCA,Ala,G,C,A,1.8,hold,interior
GCG,Ala,G,C,G,1.8,hold,interior
GAT,Asp,G,A,T,-3.5,cross,surface
GAC,Asp,G,A,C,-3.5,cross,surface
GAA,Glu,G,A,A,-3.5,cross,surface
GAG,Glu,G,A,G,-3.5,cross,surface
GGT,Gly,G,G,T,-0.4,neutral,flexible
GGC,Gly,G,G,C,-0.4,neutral,flexible
GGA,Gly,G,G,A,-0.4,neutral,flexible
GGG,Gly,G,G,G,-0.4,neutral,flexible
